{"ner_span_ACT_precision": 0.98989898989899,
"ner_span_ACT_recall": 1.0,
"ner_span_ACT_f1": 0.9949238578680203,
"ner_span_TIME_precision": 0.9949238578680203,
"ner_span_TIME_recall": 1.0,
"ner_span_TIME_f1": 0.9974554707379135,
"linked_pair_precision": 0.9747474747474747,
"linked_pair_recall": 0.9846938775510204,
"linked_pair_f1": 0.9796954314720812,
"link_acc_on_gold_actions_with_exact_action_span": 0.9846938775510204,
"link_acc_on_gold_actions_end_to_end": 0.9846938775510204,
"link_acc_counts_exact_action_span": (193, 196),
"link_acc_counts_end_to_end": (193, 196),
"action_date_precision": 0.9747474747474747,
"action_date_recall": 0.9846938775510204,
"action_date_f1": 0.9796954314720812,
"period_date_exact_acc_on_matched_actions": 0.9846938775510204,
"period_date_abs_err_days_mae_on_matched_actions": 0.5306122448979592,
"n_notes": 198,
"n_matched_actions_for_date": 196,
"Gold-span linking accuracy": 0.9898 (over 196 actions)}
